family,alphabet_name,k,scoring,score,cv_split
NapB,hydro,14,pr_auc,0.9977496483825598,1
NapB,hydro,14,pr_auc,0.969901547116737,2
NapB,hydro,14,pr_auc,0.9749648382559775,3
NapB,hydro,14,pr_auc,0.960900140646976,4
NapB,hydro,14,pr_auc,0.9994425863991081,5
NapB,hydro,14,pr_auc,0.996334089191232,1
NapB,hydro,14,pr_auc,0.972861544932421,2
NapB,hydro,14,pr_auc,0.9700679983100049,3
NapB,hydro,14,pr_auc,0.9558154790811859,4
NapB,hydro,14,pr_auc,0.9990942028985507,5
