family,alphabet_name,k,scoring,score,cv_split
NapD,hydro,14,pr_auc,0.9548751007252216,1
NapD,hydro,14,pr_auc,0.9709911361804997,2
NapD,hydro,14,pr_auc,0.9599785119527263,3
NapD,hydro,14,pr_auc,0.9667567567567568,4
NapD,hydro,14,pr_auc,0.9905405405405405,5
NapD,hydro,14,pr_auc,0.9492847648489451,1
NapD,hydro,14,pr_auc,0.9625681010478013,2
NapD,hydro,14,pr_auc,0.9565747454821297,3
NapD,hydro,14,pr_auc,0.9639195697002162,4
NapD,hydro,14,pr_auc,0.9875036370249137,5
